{"meta": {"version": "7.4.0", "timestamp": "2025-11-02T07:33:35.789666", "branch_coverage": false, "show_contexts": false}, "files": {"src\\cli\\__init__.py": {"executed_lines": [1], "summary": {"covered_lines": 0, "num_statements": 0, "percent_covered": 100.0, "percent_covered_display": "100.00", "missing_lines": 0, "excluded_lines": 0}, "missing_lines": [], "excluded_lines": []}, "src\\cli\\main.py": {"executed_lines": [1, 6, 7, 8, 10, 11, 12, 13, 16, 18, 19, 20, 21, 22, 23, 24, 27, 28, 31, 33, 34, 35, 37, 43, 46, 47, 70, 71, 74, 75, 76, 78, 79, 82, 83, 84, 87, 90, 91, 93, 94, 95, 97, 98, 105, 106, 107, 108, 109, 112, 113, 114, 115, 116, 118, 124, 125, 140, 141, 142, 143, 144, 145, 149, 151, 152, 153, 154, 155, 158, 160, 186, 187, 189, 190, 191, 192, 251, 252, 253, 256, 257, 280, 281, 301, 302, 349, 350, 468, 469, 476, 477, 578, 583], "summary": {"covered_lines": 92, "num_statements": 328, "percent_covered": 28.048780487804876, "percent_covered_display": "28.05", "missing_lines": 236, "excluded_lines": 2}, "missing_lines": [30, 119, 120, 121, 126, 128, 129, 130, 132, 133, 134, 135, 136, 137, 146, 195, 196, 197, 199, 200, 201, 202, 205, 207, 208, 209, 210, 216, 219, 220, 221, 223, 224, 225, 226, 227, 228, 229, 232, 234, 235, 236, 239, 241, 242, 243, 244, 245, 246, 247, 259, 261, 262, 263, 266, 267, 268, 269, 270, 271, 274, 275, 277, 287, 288, 289, 290, 291, 292, 293, 295, 296, 298, 304, 306, 313, 314, 321, 322, 323, 324, 327, 328, 329, 330, 331, 333, 336, 339, 340, 342, 343, 344, 345, 346, 365, 366, 368, 371, 372, 375, 376, 379, 380, 381, 382, 383, 384, 385, 386, 387, 388, 390, 391, 394, 395, 396, 397, 398, 399, 402, 404, 405, 406, 407, 408, 410, 411, 412, 414, 415, 416, 418, 419, 421, 422, 424, 425, 426, 428, 429, 430, 431, 434, 435, 436, 437, 438, 439, 442, 443, 445, 446, 447, 448, 449, 450, 451, 452, 454, 455, 456, 457, 458, 459, 460, 461, 463, 464, 465, 471, 472, 473, 479, 482, 484, 485, 486, 487, 490, 492, 493, 496, 498, 499, 500, 502, 503, 505, 507, 508, 509, 512, 513, 514, 517, 518, 520, 521, 522, 527, 528, 531, 532, 533, 534, 535, 536, 537, 538, 540, 541, 543, 544, 545, 547, 548, 549, 550, 553, 554, 555, 556, 558, 560, 563, 564, 565, 566, 567, 568, 571, 572, 573, 575, 580], "excluded_lines": [583, 584]}, "src\\core\\__init__.py": {"executed_lines": [1], "summary": {"covered_lines": 0, "num_statements": 0, "percent_covered": 100.0, "percent_covered_display": "100.00", "missing_lines": 0, "excluded_lines": 0}, "missing_lines": [], "excluded_lines": []}, "src\\core\\audio_mixer.py": {"executed_lines": [1, 6, 7, 8, 11, 12, 14, 21, 22, 23, 24, 26, 38, 40, 42, 43, 46, 47, 50, 51, 54, 55, 56, 57, 58, 60, 63, 64, 65, 68, 72, 73, 76, 77, 78, 79, 82, 85, 88, 90, 92, 94, 95, 96, 98, 99, 100, 102, 115], "summary": {"covered_lines": 47, "num_statements": 47, "percent_covered": 100.0, "percent_covered_display": "100.00", "missing_lines": 0, "excluded_lines": 0}, "missing_lines": [], "excluded_lines": []}, "src\\core\\audio_visualizer.py": {"executed_lines": [1, 5, 7, 8, 9, 10, 13, 14, 16, 17, 18, 19, 20, 21, 24, 25, 26, 27, 28, 30, 41, 44, 45, 48, 49, 50, 51, 52, 53, 54, 55, 58, 61, 63, 64, 66, 68, 69, 71, 72, 74, 76, 77, 80, 81, 82, 85, 88, 89, 90, 91, 93, 94, 97, 98, 99, 105, 106, 108, 109, 111, 114, 115, 118, 119, 122, 124, 126, 128, 130, 131, 134, 135, 181, 183, 184, 186, 187, 188, 190, 192, 193, 196, 197, 198, 201, 204, 205, 207, 208, 211, 212, 213, 216, 217, 220, 221, 222, 225, 226, 227, 232, 233, 235, 236, 237, 238, 241, 242, 244, 247, 249, 251, 253, 255, 256, 258, 259, 262, 263, 264, 265, 275, 277, 278, 281, 282, 283, 284, 287, 289, 290, 293, 294, 295, 296, 297, 298, 299, 300, 303, 304, 307, 308, 314, 317, 319, 321, 323, 325, 327], "summary": {"covered_lines": 149, "num_statements": 182, "percent_covered": 81.86813186813187, "percent_covered_display": "81.87", "missing_lines": 33, "excluded_lines": 0}, "missing_lines": [101, 137, 138, 139, 141, 143, 144, 147, 150, 151, 154, 155, 158, 159, 160, 161, 164, 165, 168, 169, 170, 171, 172, 175, 177, 179, 229, 329, 332, 335, 336, 339, 349], "excluded_lines": []}, "src\\core\\avatar_generator.py": {"executed_lines": [1, 7, 8, 9, 10, 13, 14, 17, 18, 20, 27, 28, 31, 32, 33, 35, 36, 39, 40, 43, 44, 45, 48, 49, 50, 51, 52, 53, 54, 56, 58, 59, 61, 62, 65, 67, 70, 71, 72, 75, 76, 87, 88, 89, 91, 94, 96, 97, 99, 101, 102, 105, 106, 107, 109, 110, 111, 113, 114, 116, 117, 119, 120, 121, 122, 124, 126, 129, 131, 132, 134, 135, 137, 147, 149, 150, 151, 152, 153, 154, 156, 158, 159, 161, 164, 166, 172, 173, 176, 177, 179, 182, 185, 186, 187, 188, 191, 192, 195, 197, 200, 221, 222, 225, 228, 230, 232, 233, 236, 238, 239, 242, 243, 244, 245, 246, 247, 248, 251, 253, 254, 255, 256, 259, 261, 262, 265, 266, 269, 270, 271, 273, 274, 275, 278, 279, 281, 283, 284, 285, 286, 287, 289, 291, 292, 293, 294, 295, 297, 301, 303, 307, 320, 321, 323, 326, 328, 329, 331, 333, 334, 336, 337, 338, 340, 342, 343, 345, 347, 348, 349, 351, 352, 355, 356, 359, 360, 363, 365, 368, 375, 377, 378, 379, 380, 382, 383, 385, 386, 387, 389, 390, 393, 394, 395, 397, 398, 399, 401, 403, 404, 405, 407, 408, 410, 412, 413, 414, 416, 417, 419, 420, 421, 422, 423, 425, 426, 428, 429, 431, 432, 433, 434, 437, 438, 440, 441, 442, 443, 445, 447, 450, 459, 460, 462, 463, 464, 465, 466, 467, 468, 469, 470, 471, 473, 474, 475, 476, 477, 478, 480, 482, 483, 485, 488, 489, 492, 493, 496, 497, 499, 500, 501, 502, 505, 508, 512, 514, 515, 516, 517, 519, 521, 523, 533, 534], "summary": {"covered_lines": 274, "num_statements": 278, "percent_covered": 98.56115107913669, "percent_covered_display": "98.56", "missing_lines": 4, "excluded_lines": 0}, "missing_lines": [167, 168, 169, 305], "excluded_lines": []}, "src\\core\\music_generator.py": {"executed_lines": [1, 6, 7, 8, 9, 12, 13, 16, 17, 19, 26, 27, 28, 29, 32, 33, 34, 36, 37, 38, 39, 40, 41, 43, 45, 46, 47, 77, 78, 79, 81, 84, 86, 89, 91, 101, 102, 105, 106, 107, 109, 110, 112, 116, 117, 119, 120, 122, 123, 124, 125, 126, 127, 129, 131, 132, 133, 135, 136, 137, 140, 144, 145, 146, 147, 150, 159, 162, 163, 167, 179, 180, 181, 183, 186, 187, 189, 192, 193, 195, 197, 198], "summary": {"covered_lines": 80, "num_statements": 108, "percent_covered": 74.07407407407408, "percent_covered_display": "74.07", "missing_lines": 28, "excluded_lines": 0}, "missing_lines": [49, 51, 52, 53, 56, 59, 60, 61, 62, 63, 64, 67, 68, 69, 70, 71, 72, 74, 75, 114, 141, 164, 165, 170, 173, 174, 176, 177], "excluded_lines": []}, "src\\core\\script_parser.py": {"executed_lines": [1, 6, 7, 8, 11, 12, 14, 21, 22, 24, 37, 40, 41, 42, 43, 46, 47, 48, 50, 52, 54, 56, 57, 58, 67, 69, 70, 71, 73, 83, 93, 94, 96, 98, 108, 110, 111, 113, 114, 116, 117, 119], "summary": {"covered_lines": 40, "num_statements": 40, "percent_covered": 100.0, "percent_covered_display": "100.00", "missing_lines": 0, "excluded_lines": 0}, "missing_lines": [], "excluded_lines": []},